,bm
2010-01-04,-0.005282773
2010-01-05,0.019468867
2010-01-06,-0.005206952
2010-01-07,-0.0034919390000000003
2010-01-08,0.007882537
2010-01-11,-0.008688238000000001
2010-01-12,-0.0043821929999999995
2010-01-13,0.009681764
2010-01-14,0.0017456829999999998
2010-01-15,0.0008688589999999999
2010-01-18,-0.012173139
2010-01-19,-0.011444348
2010-01-20,-0.016918249
2010-01-21,-0.022645299
2010-01-22,0.00370615
2010-01-25,-0.022160014
2010-01-26,0.002833444
2010-01-27,-0.002825438
2010-01-28,0.003776145
2010-01-29,-0.003761939
2010-02-01,-0.01605262
2010-02-02,0.01247676
2010-02-03,-0.028436476000000002
2010-02-04,-0.00877953
2010-02-05,0.004918553
2010-02-06,-0.003916691
2010-02-08,0.021632069
2010-02-09,0.02117403
2010-02-10,-0.008481647
2010-02-22,-0.0085542
2010-02-23,0.0019170329999999998
2010-02-24,-0.011482899
2010-02-25,-0.0029047559999999997
2010-02-26,0.024272245
2010-03-01,-0.000948955
2010-03-02,0.000949856
2010-03-03,0.001895229
2010-03-04,0.008513735
2010-03-05,0.007505352
2010-03-08,0.00279387
2010-03-09,0.0027860859999999997
2010-03-10,-0.00555669
2010-03-11,-0.003723404
2010-03-12,-0.013085905
2010-03-15,0.012311359
2010-03-16,0.014965925
2010-03-17,0.0036882670000000003
2010-03-18,-0.008263560999999999
2010-03-19,-0.00555669
2010-03-22,-0.003723404
2010-03-23,-0.002804311
2010-03-24,-0.001873915
2010-03-25,0.016899553
2010-03-26,0.00646312
2010-03-29,-0.0027502679999999997
2010-03-30,-0.0018420370000000001
2010-03-31,0.009216758
2010-04-01,0.002740292
2010-04-02,0.00819841
2010-04-06,0.000901824
2010-04-07,-0.007220852
2010-04-08,0.008183508
2010-04-09,-0.00450864
2010-04-12,-0.003624785
2010-04-13,0.006365808000000001
2010-04-14,0.0027080259999999997
2010-04-15,-0.015315078999999999
2010-04-16,-0.013723938
2010-04-19,0.004638302
2010-04-20,0.0009244219999999999
2010-04-21,0.004612623
2010-04-22,0.014691063999999998
2010-04-23,0.011765428999999999
2010-04-26,-0.020573311
2010-04-27,0.009132585
2010-04-28,0.002715493
2010-04-29,-0.01624628
2010-04-30,0.004587239
2010-05-03,-0.024657462999999998
2010-05-04,-0.008426059
2010-05-05,-0.03116254
2010-05-06,0.016571706999999998
2010-05-07,0.008628006
2010-05-10,-0.009505862
2010-05-11,0.010555171
2010-05-12,0.0075980169999999994
2010-05-13,-0.008481647
2010-05-14,-0.009505862
2010-05-17,-0.011515966
2010-05-18,-0.000971988
2010-05-19,-0.028182098
2010-05-20,-0.001999468
2010-05-21,0.002003474
2010-05-24,-0.00520088
2010-05-25,-0.008443377
2010-05-26,0.0158149
2010-05-27,-0.0019954779999999997
2010-05-28,0.0
2010-05-31,-0.009601407
2010-06-01,0.005656784000000001
2010-06-02,0.008029985
2010-06-03,-0.026892352
2010-06-04,-0.003068364
2010-06-07,-0.004108583
2010-06-08,-0.006597937
2010-06-09,0.031342175
2010-06-10,0.010261751
2010-06-11,0.002988665
2010-06-14,0.014895988999999998
2010-06-15,-0.000979597
2010-06-17,0.00881671
2010-06-18,0.007767667
2010-06-21,-0.01059856
2010-06-22,-0.0038938040000000003
2010-06-23,-0.007820815
2010-06-24,-0.000986353
2010-06-25,0.0059183809999999995
2010-06-28,-0.028430736
2010-06-29,0.0
2010-06-30,-0.009083593000000001
2010-07-01,0.012833029
2010-07-02,0.005428153000000001
2010-07-05,0.026999892999999997
2010-07-06,0.010712093
2010-07-07,0.0
2010-07-08,0.009634064
2010-07-09,0.0
2010-07-12,0.009539436
2010-07-13,0.0009462660000000001
2010-07-14,0.003776145
2010-07-15,-0.016931386
2010-07-16,0.009569533
2010-07-19,0.008529871
2010-07-20,-0.005640256999999999
2010-07-21,0.003782391
2010-07-22,0.011299088999999998
2010-07-23,0.003723404
2010-07-26,-0.005564388000000001
2010-07-27,0.00652943
2010-07-28,-0.000927848
2010-07-29,0.008350517
2010-07-30,0.012878651999999999
2010-08-02,-0.0009093080000000001
2010-08-03,0.004545536
2010-08-04,-0.006334443
2010-08-05,0.003644596
2010-08-06,0.007257591
2010-08-09,-0.00900917
2010-08-10,-0.016361874
2010-08-11,0.0036958720000000002
2010-08-12,0.0027629990000000004
2010-08-13,0.007346831
2010-08-16,0.002732712
2010-08-17,-0.006363237
2010-08-18,0.0036612690000000004
2010-08-19,0.0
2010-08-20,0.002732712
2010-08-23,-0.012726473
2010-08-24,-0.00736713
2010-08-25,-0.005564388000000001
2010-08-26,0.01305886
2010-08-27,-0.011049393000000001
2010-08-30,-0.003723404
2010-08-31,0.011214603
2010-09-01,0.0018479360000000001
2010-09-02,0.013837869
2010-09-03,0.0
2010-09-06,-0.0036412759999999997
2010-09-07,0.0036545840000000002
2010-09-08,0.003638703
2010-09-09,0.007253585999999999
2010-09-10,0.022502627999999997
2010-09-13,0.0035201890000000004
2010-09-14,0.003510321
2010-09-15,-0.0061209559999999994
2010-09-16,0.006158652
2010-09-17,0.00699114
2010-09-20,-0.004340354
2010-09-21,-0.004359275
2010-09-23,0.0070058740000000005
2010-09-24,-0.006086569
2010-09-27,0.007873159
2010-09-28,0.0017356510000000002
2010-09-29,0.0034677379999999997
2010-09-30,-0.0008645489999999999
2010-10-01,-0.006049746999999999
2010-10-04,0.006957133000000001
2010-10-05,-0.0008645489999999999
2010-10-06,0.0
2010-10-07,-0.004321597
2010-10-08,-0.01041636
2010-10-11,-0.011404203
2010-10-12,0.009761605999999999
2010-10-13,0.010544497
2010-10-14,-0.003477337
2010-10-15,-0.019197027
2010-10-18,-0.007118055999999999
2010-10-19,0.017921447
2010-10-20,-0.000881292
2010-10-21,0.017162976
2010-10-22,0.014416352
2010-10-25,0.003552265
2010-10-26,-0.007964905999999999
2010-10-27,0.0026754770000000003
2010-10-28,0.0
2010-10-29,0.010675769
2010-11-01,0.002642545
2010-11-02,-0.0026355809999999997
2010-11-03,0.013205546
2010-11-04,0.004344478
2010-11-05,-0.004325685
2010-11-08,0.004344478
2010-11-09,0.0
2010-11-10,-0.009516977
2010-11-11,-0.016592692
2010-11-12,-0.003552265
2010-11-15,0.0044543429999999995
2010-11-16,0.000887883
2010-11-17,0.008866133
2010-11-18,-0.001758599
2010-11-19,0.009684546
2010-11-22,-0.011334084
2010-11-23,0.002644805
2010-11-24,0.0052780480000000005
2010-11-25,-0.000875453
2010-11-26,-0.00087622
2010-11-29,0.000876988
2010-11-30,0.024517484
2010-12-01,0.001710502
2010-12-02,0.006825685
2010-12-03,0.0033897059999999997
2010-12-06,-0.001690275
2010-12-07,0.006770249
2010-12-08,0.0016794660000000001
2010-12-09,-0.006711164
2010-12-10,0.000845138
2010-12-13,0.000844424
2010-12-14,0.005901396
2010-12-15,0.002514006
2010-12-16,0.01003308
2010-12-17,-0.008276722
2010-12-20,0.008345798
2010-12-21,-0.0057939309999999996
2010-12-22,0.006660871
2010-12-23,-0.00413606
2010-12-24,0.004153238
2010-12-27,-0.001653075
2010-12-28,0.005798721
2010-12-29,0.001646266
2010-12-30,0.01315966
2010-12-31,-0.00081221
2011-01-03,-0.007311410999999999
2011-01-04,-0.013911666000000001
2011-01-05,0.0
2011-01-06,-0.008299579
2011-01-07,-0.0008350839999999999
2011-01-10,0.021773587
2011-01-11,0.0040987720000000005
2011-01-12,-0.004896673
2011-01-13,0.0032812559999999998
2011-01-14,-0.009811572
2011-01-17,0.013211724
2011-01-18,0.010595108
2011-01-19,-0.014516683999999998
2011-01-20,-0.001637714
2011-01-21,0.007377343000000001
2011-01-24,0.0
2011-01-25,0.009765896999999999
2011-01-26,0.007250299
2011-01-27,0.008801316
2011-01-28,-0.008724528
2011-02-08,-0.014398395
2011-02-09,-0.019481996
2011-02-10,-0.022349626
2011-02-11,0.005926383
2011-02-14,0.00673376
2011-02-15,-0.000836658
2011-02-16,0.004184519
2011-02-17,0.006666425
2011-02-18,-0.001654444
2011-02-21,-0.014096225
2011-02-22,-0.007569676
2011-02-23,0.00508571
2011-02-24,0.006745106999999999
2011-02-25,-0.0041880170000000005
2011-03-01,0.00168088
2011-03-02,0.015954119
2011-03-03,0.0
2011-03-04,-0.007438303
2011-03-07,0.00832722
2011-03-08,-0.0066081080000000006
2011-03-09,-0.018285833
2011-03-10,-0.007620951
2011-03-11,0.001705261
2011-03-14,-0.011923456
2011-03-15,-0.020691223
2011-03-16,0.015845698000000002
2011-03-17,0.003466078
2011-03-18,0.010362317
2011-03-21,-0.0017081779999999999
2011-03-22,0.007705774
2011-03-23,0.003398343
2011-03-24,0.0033868329999999997
2011-03-25,-0.005908674
2011-03-28,0.008489815
2011-03-29,0.001684584
2011-03-30,0.0016794660000000001
2011-03-31,0.006711164
2011-04-01,0.022500884
2011-04-06,-0.001631039
2011-04-07,-0.002448336
2011-04-08,-0.0049109159999999995
2011-04-11,-0.014800984
2011-04-12,0.009181059
2011-04-13,-0.000827662
2011-04-14,-0.010761765
2011-04-15,-0.006694321
2011-04-18,0.002529007
2011-04-19,0.024369400000000003
2011-04-20,0.013945893999999999
2011-04-21,0.0016169620000000002
2011-04-22,-0.016154503
2011-04-25,0.013957351000000002
2011-04-26,0.008097968
2011-04-27,-0.004016459
2011-04-28,0.0032256859999999997
2011-04-29,-0.009645944
2011-05-03,-0.003246631
2011-05-04,0.008141909000000001
2011-05-05,0.0032309009999999996
2011-05-06,0.0032204959999999998
2011-05-09,0.003210157
2011-05-10,-0.012799541000000001
2011-05-11,0.008915429
2011-05-12,-0.0048201879999999996
2011-05-13,-0.012105544
2011-05-16,0.0
2011-05-17,0.006535701
2011-05-18,-0.00568326
2011-05-19,-0.007347229
2011-05-20,-0.008222272
2011-05-23,-0.0033166259999999996
2011-05-24,0.004160144
2011-05-25,0.004969689
2011-05-26,-0.004122422
2011-05-27,0.0066222780000000005
2011-05-30,0.019738372
2011-05-31,0.0
2011-06-01,0.0
2011-06-02,-0.00161394
2011-06-03,0.002424823
2011-06-07,-0.004029404
2011-06-08,0.005662669
2011-06-09,-0.030571172
2011-06-10,-0.00414979
2011-06-13,0.011667377
2011-06-14,-0.013179085
2011-06-15,-0.005009295
2011-06-16,-0.003355582
2011-06-17,-0.00673376
2011-06-20,0.008475416
2011-06-21,-0.009245063000000001
2011-06-22,-0.004241305
2011-06-23,-0.020442196
2011-06-24,0.009564276
2011-06-27,-0.000859539
2011-06-28,0.013792586
2011-06-29,0.006802469
2011-06-30,0.011825038000000001
2011-07-01,0.001668252
2011-07-04,0.0
2011-07-05,0.011667377
2011-07-06,-0.0032947709999999997
2011-07-07,-0.010743965
2011-07-08,-0.012532568999999999
2011-07-11,-0.007612216
2011-07-12,0.0059667999999999995
2011-07-13,0.0
2011-07-14,0.0025417029999999998
2011-07-15,-0.0050705179999999996
2011-07-18,0.011045193
2011-07-19,0.015965213
2011-07-20,0.006616797
2011-07-21,-0.005751081
2011-07-22,0.0
2011-07-25,0.011570943
2011-07-26,-0.006537922
2011-07-27,-0.000820662
2011-07-28,-0.004115632
2011-07-29,-0.009916988
2011-08-01,-0.017529126000000003
2011-08-02,-0.004248506
2011-08-03,-0.049487378
2011-08-04,-0.02513614
2011-08-05,-0.06077252599999999
2011-08-08,0.057842977999999996
2011-08-09,-0.013903134
2011-08-10,0.028195757999999998
2011-08-11,-0.009139196
2011-08-12,0.011069694
2011-08-15,-0.008211993
2011-08-16,-0.017480532
2011-08-17,-0.029961479
2011-08-18,-0.009653466999999999
2011-08-19,0.015596634
2011-08-22,0.024949766
2011-08-23,-0.003745185
2011-08-24,-0.007518528000000001
2011-08-25,0.005682901
2011-08-26,0.016949803
2011-08-29,0.001850523
2011-08-30,0.017561319
2011-08-31,0.0018152270000000002
2011-09-01,-0.021758048
2011-09-02,-0.012048375
2011-09-05,0.0009386889999999999
2011-09-06,0.012183872
2011-09-07,-0.008333648
2011-09-08,0.000931768
2011-09-09,-0.008393322
2011-09-13,-0.008466924
2011-09-14,0.015179698
2011-09-15,0.00654118
2011-09-16,-0.009283455
2011-09-19,0.0009352610000000001
2011-09-20,-0.014980739
2011-09-21,-0.039923802
2011-09-22,-0.004950988
2011-09-23,0.004975622
2011-09-26,0.013862228
2011-09-27,-0.01074378
2011-09-28,0.015796792
2011-09-29,-0.013606251000000001
2011-09-30,-0.016748821
2011-10-03,0.020039343
2011-10-04,0.004912082
2011-10-05,0.012707922
2011-10-06,0.018338438000000002
2011-10-07,0.001896956
2011-10-11,0.006621630999999999
2011-10-12,-0.011277792
2011-10-13,0.009506651999999999
2011-10-14,-0.011299016
2011-10-17,0.0019033960000000001
2011-10-18,-0.000951182
2011-10-19,-0.014270966999999999
2011-10-20,0.012548458
2011-10-21,0.022878087000000002
2011-10-24,-0.0018980770000000002
2011-10-25,0.010658583000000001
2011-10-26,0.023971321
2011-10-27,-0.011236478999999999
2011-10-28,-0.011364171999999999
2011-10-31,-0.011494801
2011-11-01,0.007751465999999999
2011-11-02,0.003847181
2011-11-03,0.001914964
2011-11-04,0.001913808
2011-11-07,0.0019076529999999998
2011-11-08,-0.023808989
2011-11-09,-0.011707866
2011-11-10,0.021716976000000002
2011-11-11,0.00579738
2011-11-14,0.001920482
2011-11-15,-0.023968809
2011-11-16,-0.003927746
2011-11-17,-0.015780688
2011-11-18,-0.013426625
2011-11-21,-0.008734043
2011-11-22,-0.02049188
2011-11-23,0.009203631
2011-11-24,-0.003316006
2011-11-25,0.013934871000000001
2011-11-28,-0.0051275570000000005
2011-11-29,0.022679694
2011-11-30,0.010082014
2011-12-01,-0.005588214
2011-12-02,-0.006424298
2011-12-05,-0.010099727
2011-12-06,0.0002032
2011-12-07,-0.02060723
2011-12-08,0.019583332
2011-12-09,-0.011647455
2011-12-12,0.003512934
2011-12-13,-0.010917561000000001
2011-12-14,-0.007498792
2011-12-15,-0.005245923
2011-12-16,-0.007385235
2011-12-19,0.031882516
2011-12-20,0.014828067
2011-12-21,0.012585222
2011-12-22,0.00220583
2011-12-23,-0.003000139
2011-12-26,-0.002007863
2011-12-27,-0.00502449
2011-12-28,0.010102374
2011-12-29,-0.011002256
2011-12-30,0.001012055
2012-01-02,0.008080311
2012-01-03,0.004009084
2012-01-04,0.0
2012-01-05,-0.003993076
2012-01-06,0.006012313
2012-01-09,0.009961506
2012-01-10,0.0
2012-01-11,0.008873568
2012-01-12,-0.001954276
2012-01-13,-0.013711848
2012-01-16,0.003973251
2012-01-17,0.016814955
2012-01-18,0.011671148000000001
2012-01-30,0.003847181
2012-01-31,0.009579836999999999
2012-02-01,0.004743224
2012-02-02,0.007553827
2012-02-03,0.002811755
2012-02-04,-0.003739311
2012-02-06,0.003753346
2012-02-07,0.010280044
2012-02-08,0.0037012620000000003
2012-02-09,-0.00461012
2012-02-10,0.00092678
2012-02-13,0.004624759
2012-02-14,0.006446787
2012-02-15,0.002744869
2012-02-16,0.0
2012-02-17,-0.00547471
2012-02-20,-0.0036707000000000003
2012-02-21,0.004605882
2012-02-22,0.000915032
2012-02-23,0.011906133000000001
2012-02-24,0.012669483999999998
2012-02-29,0.0008921360000000001
2012-03-01,-0.008927443
2012-03-02,-0.0036045609999999996
2012-03-03,-0.007232832
2012-03-05,-0.016394225
2012-03-06,0.007409384000000001
2012-03-07,0.005512554
2012-03-08,0.005484728
2012-03-09,-0.007272285999999999
2012-03-12,0.026557251
2012-03-13,-0.005352618000000001
2012-03-14,-0.0044837359999999995
2012-03-15,-0.00090173
2012-03-16,-0.0018027260000000002
2012-03-19,-0.00903464
2012-03-20,0.001824835
2012-03-21,0.009098018000000001
2012-03-22,-0.008115809
2012-03-23,-0.0036349520000000003
2012-03-26,0.011860278
2012-03-27,-0.004507995
2012-03-28,-0.01268097
2012-03-29,0.007338995
2012-03-30,-0.000911586
2012-04-02,-0.025523804
2012-04-03,0.002806496
2012-04-05,-0.011194568
2012-04-06,0.010379511
2012-04-09,-0.015872938
2012-04-10,0.006640017
2012-04-11,0.014138281
2012-04-12,-0.006506694
2012-04-13,0.008419489
2012-04-16,-0.007420695
2012-04-17,-0.008411613
2012-04-18,-0.0028276559999999996
2012-04-19,-0.011342698
2012-04-20,-0.000954399
2012-04-23,0.006697206999999999
2012-04-24,0.003803295
2012-04-25,-0.003788884
2012-04-26,-0.009504501
2012-04-27,0.002879214
2012-04-30,0.019138816
2012-05-02,-0.008451099
2012-05-03,-0.006629927
2012-05-04,-0.004765842
2012-05-07,-0.010536064
2012-05-08,-0.000968946
2012-05-09,0.0
2012-05-10,-0.005814234000000001
2012-05-11,-0.007796798000000001
2012-05-14,0.001963873
2012-05-15,-0.014704031000000001
2012-05-16,-0.003981155
2012-05-17,-0.001997225
2012-05-18,0.008007512
2012-05-21,-0.008937864
2012-05-22,-0.007012615
2012-05-23,-0.00202002
2012-05-24,-0.008896543
2012-05-25,0.012037146
2012-05-28,0.015121700000000002
2012-05-29,-0.015887802
2012-05-30,0.006054773
2012-05-31,-0.033100835
2012-06-01,0.0045636290000000005
2012-06-04,-0.000411269
2012-06-05,0.014462586000000001
2012-06-06,-0.010795696
2012-06-07,0.005971953
2012-06-08,-0.015554489
2012-06-11,0.010603411
2012-06-12,0.0020563879999999997
2012-06-13,0.0014362479999999998
2012-06-14,0.033211937999999996
2012-06-15,-0.007936013
2012-06-18,0.002997519
2012-06-19,0.000997928
2012-06-20,-0.019920402
2012-06-21,-0.003251301
2012-06-22,-0.0008148089999999999
2012-06-25,-0.002449093
2012-06-26,0.016775663
2012-06-27,-0.004428523
2012-06-28,0.02061539
2012-06-29,0.005940877
2012-07-02,0.012794161
2012-07-03,0.0
2012-07-04,0.0
2012-07-05,-0.012632539
2012-07-06,0.0029528959999999996
2012-07-09,-0.012759063999999999
2012-07-10,0.002982252
2012-07-11,-0.018829707
2012-07-12,0.005049863
2012-07-13,-0.00502449
2012-07-16,0.006060895
2012-07-17,-0.00200725
2012-07-18,0.009052112
2012-07-19,-0.009968834000000001
2012-07-20,-0.009063875
2012-07-23,-0.007722171999999999
2012-07-24,0.010444341
2012-07-25,0.003447232
2012-07-26,0.010102374
2012-07-27,0.009998716
2012-07-30,0.007920304
2012-07-31,-0.0029470959999999997
2012-08-01,0.02266033
2012-08-03,-0.005780624
2012-08-06,0.006784119
2012-08-07,0.002887528
2012-08-08,0.014393555
2012-08-09,0.00283836
2012-08-10,0.001888532
2012-08-13,0.001882505
2012-08-14,-0.001878968
2012-08-15,0.004707495999999999
2012-08-16,-0.009373335
2012-08-17,0.001893892
2012-08-20,0.007553827
2012-08-21,-0.002811755
2012-08-22,-0.003760398
2012-08-23,0.008490979000000001
2012-08-24,-0.009353354
2012-08-27,-0.010386821
2012-08-28,0.000952576
2012-08-29,0.000954167
2012-08-30,0.003810536
2012-08-31,0.00853681
2012-09-03,-0.004703075
2012-09-04,-0.011342698
2012-09-05,0.015297943
2012-09-06,-0.002824991
2012-09-07,0.007553827
2012-09-10,0.007497194
2012-09-11,0.008372494
2012-09-12,0.011070637
2012-09-13,0.012773526
2012-09-14,0.0
2012-09-17,-0.00090173
2012-09-18,0.0018027260000000002
2012-09-19,-0.0035989629999999997
2012-09-20,-0.000904174
2012-09-21,0.005425216
2012-09-24,-0.012589746
2012-09-25,-0.001820785
2012-09-26,0.008212065
2012-09-27,-0.0045266790000000005
2012-09-28,0.001819858
2012-10-01,0.00272245
2012-10-02,-0.0045266790000000005
2012-10-03,0.0
2012-10-04,0.0
2012-10-05,-0.004544881
2012-10-08,-0.019178999999999998
2012-10-09,-0.00744834
2012-10-11,-0.004689839
2012-10-12,0.006598688
2012-10-15,0.009362097
2012-10-16,-0.0037115629999999998
2012-10-17,-0.001861475
2012-10-18,-0.018656798999999998
2012-10-19,0.005703697
2012-10-22,-0.009794841
2012-10-23,0.007913383000000001
2012-10-24,-0.004905792
2012-10-25,-0.014004428999999999
2012-10-26,0.006201315
2012-10-29,0.007952706
2012-10-30,-0.011834939
2012-10-31,0.011976683
2012-11-01,-0.0029599820000000003
2012-11-02,0.001978346
2012-11-05,0.004937347
2012-11-06,-0.005894216999999999
2012-11-07,-0.00494222
2012-11-08,0.018867688
2012-11-09,-0.005845805999999999
2012-11-12,-0.020588068
2012-11-13,0.000999787
2012-11-14,-0.000998789
2012-11-15,0.007006105
2012-11-16,0.007952706
2012-11-19,-0.004932472
2012-11-20,-0.002972148
2012-11-21,0.004969185
2012-11-22,0.024728071
2012-11-23,0.007722422
2012-11-26,0.0038316220000000002
2012-11-27,0.004770039
2012-11-28,0.008548670999999999
2012-11-29,0.00847383
2012-11-30,-0.009337564
2012-12-03,0.00471398
2012-12-04,0.008442031
2012-12-05,-0.0018605639999999999
2012-12-06,0.004658901
2012-12-07,-0.004637296
2012-12-10,0.002794869
2012-12-11,0.009294183000000001
2012-12-12,0.0055251580000000005
2012-12-13,-0.007326396999999999
2012-12-14,-0.008301862
2012-12-17,0.0037211270000000003
2012-12-18,-0.011121995
2012-12-19,-0.005623543000000001
2012-12-20,-0.008481826999999999
2012-12-21,0.005703724
2012-12-22,-0.0028368829999999997
2012-12-24,0.016113415
2012-12-25,-0.007460733000000001
2012-12-26,0.009396611
2012-12-27,0.005586895
2012-12-28,0.016667564
2013-01-02,-0.0009119460000000001
2013-01-03,-0.005467453000000001
2013-01-04,-0.010084178000000001
2013-01-07,-0.004628708
2013-01-08,0.010231924
2013-01-09,0.007366876999999999
2013-01-10,-0.012797755
2013-01-11,0.0037039029999999997
2013-01-14,-0.00276651
2013-01-15,-0.0027765240000000003
2013-01-16,0.000928867
2013-01-17,0.0
2013-01-18,0.0064866590000000005
2013-01-21,-0.001841719
2013-01-22,-0.008301862
2013-01-23,-0.0018605639999999999
2013-01-24,0.000930838
2013-01-25,0.004656923
2013-01-28,0.01019399
2013-01-29,0.0
2013-01-30,0.0036699209999999996
2013-01-31,0.00274122
2013-02-01,0.000912779
2013-02-04,0.00546477
2013-02-05,0.005435069
2013-02-06,0.001801896
2013-02-18,0.0053959659999999994
2013-02-19,0.0
2013-02-20,-0.005367005
2013-02-21,0.001798655
2013-02-22,0.0017954260000000001
2013-02-23,-0.009858277
2013-02-25,-0.0036201040000000003
2013-02-26,0.005449885
2013-02-27,0.000904533
2013-03-01,-0.009025744
2013-03-04,0.014572721
2013-03-05,-0.008977129
2013-03-06,0.007246759
2013-03-07,0.00359731
2013-03-08,0.0017922079999999998
2013-03-11,-0.005367005
2013-03-12,-0.001798655
2013-03-13,0.001801896
2013-03-14,-0.010791931000000001
2013-03-15,-0.005454834
2013-03-18,-0.006397722
2013-03-19,0.000918848
2013-03-20,-0.003676667
2013-03-21,0.010149311999999999
2013-03-22,-0.003653158
2013-03-25,0.000915479
2013-03-26,0.001831599
2013-03-27,0.00274122
2013-03-28,0.004559285
2013-03-29,-0.0018149779999999999
2013-04-01,0.0018182779999999998
2013-04-02,-0.011796208999999998
2013-04-03,-0.008266055999999999
2013-04-08,-0.004628708
2013-04-09,0.0037211270000000003
2013-04-10,0.008340325
2013-04-11,-0.0027563379999999997
2013-04-12,-0.013824443999999998
2013-04-15,0.009343917
2013-04-16,-0.008332611
2013-04-17,0.01307259
2013-04-18,0.02396206
2013-04-19,-0.0026992759999999996
2013-04-22,-0.000903716
2013-04-23,0.001806782
2013-04-24,0.006313471
2013-04-25,0.0017922079999999998
2013-04-26,0.006260376
2013-04-29,0.0017778720000000002
2013-04-30,0.008873582
2013-05-02,0.002637548
2013-05-03,-0.001754479
2013-05-06,0.0052726890000000005
2013-05-07,0.017483445
2013-05-08,-0.0017183029999999998
2013-05-09,-0.0034425209999999996
2013-05-10,0.001727206
2013-05-13,0.001724228
2013-05-14,0.006882865
2013-05-15,0.001709494
2013-05-16,-0.005117573
2013-05-17,0.000856593
2013-05-20,0.005141661
2013-05-21,-0.012787321
2013-05-22,-0.015544856000000001
2013-05-23,-0.0035089590000000003
2013-05-24,0.010563945
2013-05-27,-0.0008722269999999999
2013-05-28,0.0008729889999999999
2013-05-29,0.0017422520000000001
2013-05-30,-0.018260734
2013-05-31,0.004427810999999999
2013-06-03,-0.002644529
2013-06-04,-0.006190656
2013-06-05,-0.0044475140000000005
2013-06-06,0.01072443
2013-06-07,0.0
2013-06-10,-0.011493739
2013-06-11,-0.013418645
2013-06-13,-0.0054400030000000005
2013-06-14,0.005469758000000001
2013-06-17,0.006347816
2013-06-18,-0.009009481
2013-06-19,-0.016364502
2013-06-20,-0.01293736
2013-06-21,-0.001872757
2013-06-24,0.00562644
2013-06-25,0.008397156999999999
2013-06-26,0.006474656999999999
2013-06-27,0.007353334
2013-06-28,0.015510618
2013-07-01,-0.008085549000000001
2013-07-02,-0.005435069
2013-07-03,0.006374414
2013-07-04,0.014480416999999999
2013-07-05,-0.018733139
2013-07-08,0.013635935
2013-07-09,0.017938176
2013-07-10,0.007928817
2013-07-11,0.002621412
2013-07-12,0.002616762
2013-07-15,-0.0017392220000000001
2013-07-16,0.003484505
2013-07-17,-0.012153418000000001
2013-07-18,-0.013180611000000002
2013-07-19,0.006232508
2013-07-22,0.00531002
2013-07-23,0.0
2013-07-24,0.003521315
2013-07-25,-0.0052634380000000005
2013-07-26,0.000882996
2013-07-29,0.003524414
2013-07-30,-0.007024071
2013-07-31,0.000883102
2013-08-01,-0.0017668789999999998
2013-08-02,-0.001770007
2013-08-05,-0.015070611999999999
2013-08-06,-0.009900382
2013-08-07,-0.0018182779999999998
2013-08-08,0.00182159
2013-08-09,0.006362823
2013-08-12,0.0036135629999999998
2013-08-13,-0.012601933999999999
2013-08-14,-0.0036442009999999997
2013-08-15,0.007317372
2013-08-16,-0.003633257
2013-08-19,-0.010026738
2013-08-20,0.003683438
2013-08-22,0.009174801
2013-08-23,0.0
2013-08-26,-0.011817656999999999
2013-08-27,0.009197786999999999
2013-08-28,0.013675548999999999
2013-08-29,0.0062941559999999995
2013-08-30,0.011617003
2013-09-02,-0.0017668789999999998
2013-09-03,0.003540013
2013-09-04,0.0026467590000000003
2013-09-05,0.002637548
2013-09-06,0.006139569
2013-09-09,0.002616762
2013-09-10,-0.0017392220000000001
2013-09-11,0.0017422520000000001
2013-09-12,-0.006088377
2013-09-13,0.005249628
2013-09-14,0.0008714689999999999
2013-09-16,0.006956889
2013-09-17,-0.0060463140000000005
2013-09-18,0.007820806999999999
2013-09-23,0.0
2013-09-24,-0.005172684
2013-09-25,-0.00519958
2013-09-26,-0.006969009
2013-09-27,0.0
2013-09-30,0.008772397
2013-10-01,0.0
2013-10-02,0.017390023
2013-10-03,-0.005982149
2013-10-04,-0.0051593459999999996
2013-10-07,0.004322845
2013-10-08,0.012908363999999999
2013-10-09,-0.0076480359999999995
2013-10-11,0.0008572930000000001
2013-10-14,0.0
2013-10-15,0.0034219090000000003
2013-10-16,0.0
2013-10-17,0.00682048
2013-10-18,-0.004234993
2013-10-21,0.005102315
2013-10-22,-0.000705949
2013-10-23,-0.006066886
2013-10-24,-0.00348703
2013-10-25,0.005249928
2013-10-28,0.006093286999999999
2013-10-29,0.0008633660000000001
2013-10-30,0.0025942689999999997
2013-10-31,-0.010345966
2013-11-01,-0.002612455
2013-11-04,-0.007860051
2013-11-05,0.0008807410000000001
2013-11-06,-0.004397658
2013-11-07,-0.0026515590000000004
2013-11-08,0.002658608
2013-11-11,-0.006184789
2013-11-12,-0.004444571
2013-11-13,0.0017866479999999998
2013-11-14,0.0044564520000000005
2013-11-15,0.003548905
2013-11-18,0.001767085
2013-11-19,-0.009707277
2013-11-20,-0.010696365
2013-11-21,0.01171116
2013-11-22,-0.002670615
2013-11-25,0.012499917
2013-11-26,0.011463303000000001
2013-11-27,0.0
2013-11-28,0.004359326
2013-11-29,-0.004340404
2013-12-02,-0.0017424379999999998
2013-12-03,0.0034931159999999997
2013-12-04,-0.0069619140000000005
2013-12-05,0.008764485
2013-12-06,0.0
2013-12-09,0.00694981
2013-12-10,-0.006040711999999999
2013-12-11,-0.008680809
2013-12-12,0.002628345
2013-12-13,-0.001747637
2013-12-16,0.0008753480000000001
2013-12-17,0.0034961709999999997
2013-12-18,-0.000871536
2013-12-19,0.003489184
2013-12-20,0.005211285
2013-12-23,0.000864756
2013-12-24,-0.0008640089999999999
2013-12-25,-0.000862621
2013-12-26,0.009514122
2013-12-27,0.011996494
2013-12-30,-0.005926096
2013-12-31,-0.004259062
2014-01-02,-0.011975959
2014-01-03,0.0
2014-01-06,-0.000866253
2014-01-07,-0.000867004
2014-01-08,-0.002601126
2014-01-09,0.008695895
2014-01-10,-0.005172983
2014-01-13,0.004332878
2014-01-14,0.009491634
2014-01-15,0.0017081820000000001
2014-01-16,-0.0034126459999999996
2014-01-17,0.005992051
2014-01-20,-0.005104851
2014-01-21,0.002565522
2014-01-22,-0.005120022
2014-01-23,-0.0034302079999999997
2014-01-24,-0.029260317999999997
2014-01-27,-0.00797852
2014-02-05,0.008042688000000001
2014-02-06,0.008865508000000001
2014-02-07,-0.005270824
2014-02-10,0.009715836
2014-02-11,0.005249928
2014-02-12,0.004351734
2014-02-13,0.006931749
2014-02-14,-0.00258098
2014-02-17,0.002587659
2014-02-18,-0.000861035
2014-02-19,0.006030313000000001
2014-02-20,0.0
2014-02-21,-0.00256772
2014-02-24,-0.0042919640000000005
2014-02-25,0.0051708529999999996
2014-02-26,-0.008574461
2014-02-27,0.0017288689999999998
2014-03-03,0.005181922
2014-03-04,0.0025765429999999997
2014-03-05,0.016281108
2014-03-06,0.0
2014-03-07,-0.0008436110000000001
2014-03-10,-0.006750418
2014-03-11,0.006796295999999999
2014-03-12,-0.0016865620000000002
2014-03-13,0.0
2014-03-14,0.004226661
2014-03-17,0.0
2014-03-18,-0.011784423999999998
2014-03-19,-0.000852233
2014-03-20,-0.003409735
2014-03-21,0.0008558789999999999
2014-03-24,0.01623934
2014-03-25,0.000839404
2014-03-26,0.005883354
2014-03-27,0.0033413690000000003
2014-03-28,0.003330241
2014-03-31,0.009129303
2014-04-01,0.0
2014-04-02,-0.006578319
2014-04-03,0.000826201
2014-04-07,0.005790894
2014-04-08,0.007401117
2014-04-09,-0.007346743
2014-04-10,0.004934755
2014-04-11,0.0016354929999999998
2014-04-14,0.002450243
2014-04-15,-0.000813409
2014-04-16,0.007340747
2014-04-17,-0.004858836
2014-04-18,0.00162819
2014-04-21,0.004872616
2014-04-22,-0.002424494
2014-04-23,-0.000810796
2014-04-24,-0.02189724
2014-04-25,0.015754596000000003
2014-04-28,0.002448242
2014-04-29,-0.004071779
2014-04-30,0.006542694
2014-05-02,-0.000812772
2014-05-05,0.0
2014-05-06,0.0016248570000000002
2014-05-07,0.001624226
2014-05-08,-0.003241183
2014-05-09,0.0016248570000000002
2014-05-12,0.0
2014-05-13,0.002436339
2014-05-14,-0.0016202789999999999
2014-05-15,0.003243813
2014-05-16,0.00080883
2014-05-19,0.001616354
2014-05-20,0.0
2014-05-21,0.013708864
2014-05-22,0.0
2014-05-23,0.003181878
2014-05-26,0.001586872
2014-05-27,0.008710059000000001
2014-05-28,-0.004710094000000001
2014-05-29,-0.003943328
2014-05-30,0.00395894
2014-06-03,-0.001578111
2014-06-04,0.0055301659999999996
2014-06-05,-0.0007859560000000001
2014-06-06,0.0039309290000000005
2014-06-09,0.005480591999999999
2014-06-10,-0.003114971
2014-06-11,-0.001561387
2014-06-12,-0.000782881
2014-06-13,0.0007834939999999999
2014-06-16,0.007824944
2014-06-17,0.003882095
2014-06-18,0.00463897
2014-06-19,-0.002308775
2014-06-20,0.000772008
2014-06-23,-0.003083745
2014-06-24,0.001545687
2014-06-25,0.009267437
2014-06-26,-0.00076551
2014-06-27,0.00995358
2014-06-30,0.012887795
2014-07-01,0.004491519
2014-07-02,0.010432122
2014-07-03,-0.00442527
2014-07-04,0.004444941
2014-07-07,-0.002211724
2014-07-08,0.002216627
2014-07-09,0.008112692
2014-07-10,-0.001463822
2014-07-11,0.010256345
2014-07-14,0.0
2014-07-15,-0.014501893
2014-07-16,-0.01324649
2014-07-17,0.010439906
2014-07-18,-0.00073657
2014-07-21,0.00886178
2014-07-22,0.001464894
2014-07-24,-0.013888913999999999
2014-07-25,0.004446398
2014-07-28,-0.004426715
2014-07-29,0.005929751
2014-07-30,-0.028003015
2014-07-31,0.003790858
2014-08-01,0.0030208609999999997
2014-08-04,-0.016565623
2014-08-05,0.006891085999999999
2014-08-06,-0.004563242
2014-08-07,0.00840398
2014-08-08,0.0
2014-08-11,0.002272042
2014-08-12,0.012850701
2014-08-13,0.0014914720000000002
2014-08-14,0.0
2014-08-15,0.002980343
2014-08-18,0.00594481
2014-08-19,0.004429978
2014-08-20,0.0014713579999999999
2014-08-21,0.009544331999999999
2014-08-22,-0.002181162
2014-08-25,0.005101104
2014-08-26,0.004351464
2014-08-27,-0.002887812
2014-08-28,0.002896176
2014-08-29,0.006498024
2014-09-01,-0.011476674
2014-09-02,0.001450343
2014-09-03,0.004348309
2014-09-04,0.0014419729999999998
2014-09-05,-0.0064839830000000005
2014-09-09,-0.003625921
2014-09-10,-0.004365501
2014-09-11,-0.018275362
2014-09-12,0.007446227
2014-09-15,-0.002218453
2014-09-16,0.002964514
2014-09-17,0.007385729000000001
2014-09-18,-0.012464411000000002
2014-09-19,-0.0066813390000000005
2014-09-22,-0.005232576
2014-09-23,0.002255124
2014-09-24,-0.017991141000000002
2014-09-25,0.002289387
2014-09-26,-0.0053303280000000005
2014-09-29,-0.0038285909999999997
2014-09-30,-0.000769041
2014-10-01,0.012308423
2014-10-02,0.012917166
2014-10-03,-0.00600093
2014-10-06,-0.00679227
2014-10-07,0.004557895
2014-10-08,-0.029499374
2014-10-09,-0.00233949
2014-10-13,0.0070310680000000006
2014-10-14,-0.012411551000000002
2014-10-15,0.00942565
2014-10-16,0.0
2014-10-17,0.002335851
2014-10-20,0.010869482
2014-10-21,0.003071902
2014-10-22,0.0016608220000000002
2014-10-23,-0.0070477330000000005
2014-10-24,0.009463674
2014-10-27,0.009374953
2014-10-28,0.003871194
2014-10-29,0.002313016
2014-10-30,0.004615356
2014-10-31,0.0068912290000000005
2014-11-03,0.0007592289999999999
2014-11-04,-0.0037987629999999997
2014-11-05,-0.008389882
2014-11-06,0.00615319
2014-11-07,0.012996255
2014-11-10,-0.00754592
2014-11-11,-0.011406774
2014-11-12,0.004615356
2014-11-13,0.011485381000000001
2014-11-14,-0.011354965
2014-11-17,-0.002297076
2014-11-18,0.01381419
2014-11-19,0.008326366
2014-11-20,0.00450448
2014-11-21,-0.0037363
2014-11-24,0.0014997629999999999
2014-11-25,0.005991875
2014-11-26,0.005957982
2014-11-27,-0.018505296
2014-11-28,0.00075475
2014-12-01,-0.008290536
2014-12-02,0.022037587999999997
2014-12-03,-0.00223047
2014-12-04,-0.000745751
2014-12-05,-0.01193193
2014-12-08,-0.00452828
2014-12-09,-0.013646636
2014-12-10,0.003075161
2014-12-11,-0.007663409
2014-12-12,0.000772818
2014-12-15,-0.003857383
2014-12-16,-0.009295062
2014-12-17,0.011727838999999999
2014-12-18,0.010045063
2014-12-19,0.01224233
2014-12-22,-0.0037786609999999996
2014-12-23,0.006828486
2014-12-24,0.0
2014-12-25,0.006027994
2014-12-26,-0.0022471789999999998
2014-12-27,0.00825761
2014-12-29,-0.005210989
2014-12-30,-0.005989191
2014-12-31,-0.009787899000000001
2015-01-05,-0.015969484
2015-01-06,0.012363441000000001
2015-01-07,0.021374555
2015-01-08,-0.016442963
2015-01-09,-0.0030382770000000003
2015-01-12,0.006096911
2015-01-13,-0.00530361
2015-01-14,0.009139331
2015-01-15,0.00075532
2015-01-16,0.003017181
2015-01-19,0.010525648
2015-01-20,0.004464262
2015-01-21,0.011111052
2015-01-22,0.004395581
2015-01-23,0.006564517
2015-01-26,-0.0028973709999999997
2015-01-27,0.003633113
2015-01-28,-0.006516979
2015-01-29,-0.005830284
2015-01-30,0.002199399
2015-02-02,0.012435323
2015-02-03,-0.002167617
2015-02-04,0.0007246910000000001
2015-02-05,-0.005065672
2015-02-06,-0.004363611
2015-02-09,0.0036516920000000002
2015-02-10,0.004366789
2015-02-11,0.00507302
2015-02-12,0.008651716
2015-02-13,0.010721883
2015-02-24,-0.002121629
2015-02-25,-0.0035429959999999996
2015-02-26,-0.0035573090000000003
2015-03-02,-0.0071365740000000006
2015-03-03,0.005750644
2015-03-04,-0.005717763000000001
2015-03-05,-0.001438961
2015-03-06,-0.0064794480000000005
2015-03-09,-0.009419075
2015-03-10,0.007314066
2015-03-11,0.011619985
2015-03-12,-0.004307226
2015-03-13,-0.002162929
2015-03-16,0.0
2015-03-17,0.018785437
2015-03-18,0.002127649
2015-03-19,-0.001414852
2015-03-20,0.0
2015-03-23,-0.000709283
2015-03-24,-0.015601617
2015-03-25,0.0
2015-03-26,-0.009366514
2015-03-27,0.003635758
2015-03-30,-0.004347803
2015-03-31,0.002911778
2015-04-01,0.009434491
2015-04-02,0.000717747
2015-04-07,-0.008620645
2015-04-08,0.010146039
2015-04-09,0.002868269
2015-04-10,-0.0007141539999999999
2015-04-13,-0.008589781
2015-04-14,-0.004332102
2015-04-15,0.008701902
2015-04-16,-0.012222502
2015-04-17,0.005095172
2015-04-20,0.003619962
2015-04-21,0.012986945
2015-04-22,0.021367411
2015-04-23,0.018132131
2015-04-24,-0.0020547820000000002
2015-04-27,-0.004804915
2015-04-28,-0.012413724
2015-04-29,-0.00209496
2015-04-30,-0.000700349
2015-05-04,-0.008403319
2015-05-05,0.0
2015-05-06,-0.004942342
2015-05-07,0.007806336
2015-05-08,-0.005633205
2015-05-11,0.0014158520000000002
2015-05-12,0.002121629
2015-05-13,-0.007762268
2015-05-14,-0.0035573090000000003
2015-05-15,0.004996979
2015-05-18,0.012073223999999999
2015-05-19,-0.01543739
2015-05-20,0.0007116080000000001
2015-05-21,0.00356238
2015-05-22,0.010645781000000002
2015-05-25,-0.004916264
2015-05-26,0.012702821000000001
2015-05-27,-0.00069742
2015-05-28,-0.008368159
2015-05-29,-0.009140876
2015-06-01,-0.002129156
2015-06-02,-0.007112903
2015-06-03,-0.018623959
2015-06-04,-0.002920276
2015-06-05,0.0029288290000000004
2015-06-08,0.0007287489999999999
2015-06-09,0.003648126
2015-06-10,0.001452895
2015-06-11,-0.001450787
2015-06-12,-0.0021802189999999997
2015-06-15,-0.006554946999999999
2015-06-16,0.0036650759999999998
2015-06-17,0.004382735
2015-06-18,0.01163688
2015-06-22,0.000717747
2015-06-23,0.005748252
2015-06-24,0.0064285309999999995
2015-06-25,-0.015614383
2015-06-26,-0.00793016
2015-06-29,0.008720874
2015-06-30,0.011526146000000001
2015-07-01,-0.002847843
2015-07-02,-0.0064285309999999995
2015-07-03,0.0014372270000000001
2015-07-06,-0.006460839
2015-07-07,-0.034681879
2015-07-08,0.017963964
2015-07-09,0.0044117390000000005
2015-07-13,0.0
2015-07-14,0.004392361
2015-07-15,-0.003643708
2015-07-16,0.009508638
2015-07-17,-0.009419075
2015-07-20,-0.002194572
2015-07-21,-0.010265042
2015-07-22,-0.006666631
2015-07-23,-0.009694805
2015-07-24,-0.009787899000000001
2015-07-27,0.002281355
2015-07-28,-0.004552324
2015-07-29,0.013719428
2015-07-30,-0.009022502
2015-07-31,-0.006070986
2015-08-03,0.000763969
2015-08-04,0.006864950999999999
2015-08-05,-0.022727148
2015-08-06,0.001549756
2015-08-07,0.010837103999999998
2015-08-10,-0.016079533
2015-08-11,-0.01245191
2015-08-12,0.0
2015-08-13,-0.002364053
2015-08-14,-0.004739309000000001
2015-08-17,-0.009523755
2015-08-18,-0.018428736
2015-08-19,-0.010612831000000001
2015-08-20,-0.024752327
2015-08-21,-0.027073952000000002
2015-08-24,0.031304195
2015-08-25,0.02192368
2015-08-26,0.006599956999999999
2015-08-27,0.004918007
2015-08-28,0.009787877
2015-08-31,-0.012922705
2015-09-01,0.020456815
2015-09-02,-0.003206393
2015-09-03,-0.013677793999999998
2015-09-04,0.003263281
2015-09-07,0.018698423
2015-09-08,0.018357135
2015-09-09,-0.007837571
2015-09-10,0.009478619
2015-09-11,-0.002347405
2015-09-14,-0.001567988
2015-09-15,0.013353565
2015-09-16,0.007752518000000001
2015-09-17,-0.014615913000000001
2015-09-18,-0.007806985
2015-09-21,-0.005506181999999999
2015-09-22,-0.010285381
2015-09-23,-0.006394205
2015-09-24,-0.011264294
2015-09-25,0.018715612
2015-09-30,0.011980754
2015-10-01,0.007103349
2015-10-02,0.005484599000000001
2015-10-05,-0.00389647
2015-10-06,0.018779236
2015-10-07,-0.0007686619999999999
2015-10-08,0.008456229000000001
2015-10-12,-0.004573143
2015-10-13,0.005358613000000001
2015-10-14,0.004569665
2015-10-15,0.0007587560000000001
2015-10-16,0.0
2015-10-19,0.0015145339999999999
2015-10-20,-0.012101599
2015-10-21,0.013782457
2015-10-22,0.004814015
2015-10-23,0.0
2015-10-26,-0.004651374000000001
2015-10-27,-0.001557096
2015-10-28,-0.012479845
2015-10-29,-0.003160313
2015-10-30,0.011093385
2015-11-02,0.014891566
2015-11-03,0.013898418999999999
2015-11-04,-0.0038076509999999996
2015-11-05,-0.021406493
2015-11-06,-0.010937377
2015-11-09,-0.00631878
2015-11-10,-0.011130505
2015-11-11,-0.006430536
2015-11-12,-0.009707287
2015-11-13,0.013071196
2015-11-16,0.005644156
2015-11-17,-0.006415065
2015-11-18,0.006456483000000001
2015-11-19,0.004011056
2015-11-20,-0.00159876
2015-11-23,-0.010399226
2015-11-24,0.007275991999999999
2015-11-25,0.009631246
2015-11-26,-0.031796662
2015-11-27,0.013135589
2015-11-30,0.012156137
2015-12-01,-0.008806811999999999
2015-12-02,0.0008065310000000001
2015-12-03,0.0040350659999999995
2015-12-04,0.000804522
2015-12-07,-0.016866352
2015-12-08,-0.013073106999999999
2015-12-09,0.002483556
2015-12-10,-0.021470182999999997
2015-12-11,0.007595281
2015-12-14,0.005025352
2015-12-15,0.009166428
2015-12-16,0.004954806
2015-12-17,-0.013146391
2015-12-18,0.010823493
2015-12-21,0.004118159000000001
2015-12-22,0.006562415
2015-12-23,-0.002443194
2015-12-24,0.00816902
2015-12-25,-0.004862455
2015-12-28,-0.00407121
2015-12-29,-0.009812376
2015-12-30,0.004128362
2015-12-31,-0.021379988
2016-01-04,-0.007563357
2016-01-05,-0.012701661999999999
2016-01-06,-0.022298786
2016-01-07,-0.001753781
2016-01-08,-0.0017568629999999998
2016-01-11,0.0035199090000000003
2016-01-12,-0.008770958
2016-01-13,0.010617868
2016-01-14,-0.021014675
2016-01-15,0.01967748
2016-01-18,-0.002631698
2016-01-19,-0.013193209
2016-01-20,0.0044579220000000004
2016-01-21,0.011534176
2016-01-22,0.0
2016-01-25,0.0070171769999999994
2016-01-26,-0.00435492
2016-01-27,0.006125192
2016-01-28,0.033912503999999996
2016-01-29,0.000841736
2016-01-30,-0.0008410280000000001
2016-02-01,-0.007569723
2016-02-02,-0.011864278999999998
2016-02-03,0.013721405
2016-02-15,0.021996957
2016-02-16,0.00662217
2016-02-17,0.0
2016-02-18,0.0008230469999999999
2016-02-19,0.002465189
2016-02-22,-0.003279474
2016-02-23,-0.0032883409999999997
2016-02-24,0.012374857
2016-02-25,-0.001629431
2016-02-26,0.017958722
2016-03-01,0.0
2016-03-02,0.008822823
2016-03-03,0.004767826
2016-03-04,-0.003163468
2016-03-07,0.000792449
2016-03-08,0.0
2016-03-09,0.002379173
2016-03-10,0.012659422
2016-03-11,0.0
2016-03-14,-0.01015731
2016-03-15,0.018943246
2016-03-16,-0.002323884
2016-03-17,0.007763113
2016-03-18,-0.008474363
2016-03-21,0.0007776419999999999
2016-03-22,-0.002329297
2016-03-23,0.003890619
2016-03-24,-0.00697706
2016-03-25,-0.0007794589999999999
2016-03-28,0.000780067
2016-03-29,0.016394191000000002
2016-03-30,-0.013056823
2016-03-31,-0.014785443
2016-04-01,-0.012639407
2016-04-06,-0.011199886000000001
2016-04-07,0.011326745
2016-04-08,0.008799777
2016-04-11,0.003172849
2016-04-12,0.01818202
2016-04-13,-0.009317187
2016-04-14,0.003918062
2016-04-15,0.0039045959999999998
2016-04-18,-0.012442836
2016-04-19,-0.009447407
2016-04-20,0.0007937080000000001
2016-04-21,0.003970965999999999
2016-04-22,-0.001581734
2016-04-25,0.00158424
2016-04-26,0.004747052
2016-04-27,-0.025983591
2016-04-28,-0.004041588
2016-04-29,-0.01379868
2016-05-03,-0.010700703999999998
2016-05-04,-0.0016633210000000002
2016-05-05,-0.001666092
2016-05-06,-0.003339697
2016-05-09,0.008376239
2016-05-10,-0.008306661
2016-05-11,-0.002512676
2016-05-12,-0.006716693
2016-05-13,0.008452145999999999
2016-05-16,0.000838915
2016-05-17,0.005025352
2016-05-18,-0.002500112
2016-05-19,0.004176646
2016-05-20,0.027455489
2016-05-23,0.0
2016-05-24,0.004858514
2016-05-25,0.005639604
2016-05-26,0.003205897
2016-05-27,0.007186948
2016-05-30,-0.0015854970000000002
2016-05-31,0.011914756
2016-06-01,-0.0015693170000000002
2016-06-02,0.002358595
2016-06-03,0.00392113
2016-06-04,0.004687708
2016-06-06,0.010886345
2016-06-07,-0.010769108999999999
2016-06-08,-0.012442836
2016-06-13,0.010237299
2016-06-14,-0.000780065
2016-06-15,-0.003899723
2016-06-16,0.010179342
2016-06-17,0.0
2016-06-20,0.003877353
2016-06-21,0.000771031
2016-06-22,-0.000770437
2016-06-23,-0.023939877999999998
2016-06-24,-0.001581734
2016-06-27,0.016641003999999997
2016-06-28,0.015588548
2016-06-29,0.010744313
2016-06-30,0.0037960840000000004
2016-07-01,0.001512337
2016-07-04,-0.009062089
2016-07-05,-0.002286686
2016-07-06,0.019098199
2016-07-07,0.0067469259999999994
2016-07-11,0.010424302
2016-07-12,-0.00515924
2016-07-13,0.004444645
2016-07-14,0.009586301
2016-07-15,0.010957402
2016-07-18,-0.002889177
2016-07-19,0.006520331999999999
2016-07-20,0.001441073
2016-07-21,-0.000719499
2016-07-22,-0.007193446
2016-07-25,0.009419575
2016-07-26,0.002897368
2016-07-27,-0.002174281
2016-07-28,-0.0007246619999999999
2016-07-29,0.006540117
2016-08-01,-0.010830481000000001
2016-08-02,0.005108664000000001
2016-08-03,0.003631697
2016-08-04,0.013025129
2016-08-05,0.0
2016-08-08,0.004284786
2016-08-09,-0.001421073
2016-08-10,-0.00071237
2016-08-11,0.000712878
2016-08-12,0.001423095
2016-08-15,-0.00568922
2016-08-16,0.001430856
2016-08-17,-0.0014288120000000002
2016-08-18,-0.012876054
2016-08-19,-0.00144952
2016-08-22,0.00653231
2016-08-23,-0.0007211019999999999
2016-08-24,0.009379422
2016-08-25,-0.0007149169999999999
2016-08-26,0.001430856
2016-08-29,-0.0021432179999999997
2016-08-30,-0.00787369
2016-08-31,-0.0028864890000000003
2016-09-01,0.010130285
2016-09-02,0.006446425
2016-09-05,0.009964456
2016-09-06,0.011980668
2016-09-07,-0.012535326999999999
2016-09-08,-0.024681946
2016-09-09,0.002892751
2016-09-10,-0.0036055090000000002
2016-09-12,-0.008682862
2016-09-13,0.013139215
2016-09-14,0.021612472999999997
2016-09-19,-0.002114385
2016-09-20,0.016253885
2016-09-21,-0.0055626140000000004
2016-09-22,0.0
2016-09-23,0.0048943120000000005
2016-09-26,-0.009742556
2016-09-29,0.0007028589999999999
2016-09-30,0.003511828
2016-10-03,0.002098107
2016-10-04,0.001396885
2016-10-05,-0.001394936
2016-10-06,0.010475021
2016-10-07,-0.01174724
2016-10-11,0.009790239000000001
2016-10-12,-0.012465868
2016-10-13,0.002104141
2016-10-14,0.0006999080000000001
2016-10-17,0.0069925659999999995
2016-10-18,0.004860326
2016-10-19,0.004147212
2016-10-20,0.002753389
2016-10-21,0.0
2016-10-24,0.0020577860000000003
2016-10-25,0.0
2016-10-26,-0.005478798000000001
2016-10-27,-0.004820159
2016-10-28,0.0
2016-10-31,-0.004152945999999999
2016-11-01,-0.006948836
2016-11-02,-0.006299169
2016-11-03,0.011267885
2016-11-04,0.004875475
2016-11-07,0.00970204
2016-11-08,-0.014414015
2016-11-09,-0.02019518
2016-11-10,-0.005685176
2016-11-11,-0.00214475
2016-11-14,0.005731626
2016-11-15,-0.0028494809999999996
2016-11-16,0.0014288120000000002
2016-11-17,0.002851899
2016-11-18,0.006402221
2016-11-21,0.010600857
2016-11-22,0.0013972210000000001
2016-11-23,-0.0034905979999999997
2016-11-24,0.0
2016-11-25,0.0077081580000000005
2016-11-28,-0.00278211
2016-11-29,-0.001394936
2016-11-30,-0.005585925
2016-12-01,0.0
2016-12-02,0.008426766
2016-12-05,0.005571972
2016-12-06,0.001383675
2016-12-07,0.010373603
2016-12-08,0.0034228920000000003
2016-12-09,-0.006138614000000001
2016-12-12,0.004803615
2016-12-13,-0.008879703000000001
2016-12-14,0.003446481
2016-12-15,-0.007554629
2016-12-16,-0.004152945999999999
2016-12-19,-0.002780177
2016-12-20,-0.002786318
2016-12-21,-0.013278043
2016-12-22,0.000708335
2016-12-23,0.0021235
2016-12-26,0.0007063330000000001
2016-12-27,0.008468386999999999
2016-12-28,0.002798014
2016-12-29,0.000697955
2016-12-30,0.004184808
2017-01-03,-0.002083684
2017-01-04,0.008350533
2017-01-05,0.004141486
2017-01-06,-0.004124405
2017-01-09,0.004831734
2017-01-10,-0.002747715
2017-01-11,0.002755285
2017-01-12,-0.0054954290000000005
2017-01-13,-0.005524200999999999
2017-01-16,0.002778246
2017-01-17,-0.00484846
2017-01-18,0.0013920229999999998
2017-01-19,0.008338925
2017-01-20,0.006202074
2017-01-23,0.006850475
2017-01-24,-0.007484251
2017-02-02,0.000685517
2017-02-03,0.001370095
2017-02-06,0.006937476999999999
2017-02-07,-0.002085262
2017-02-08,0.004877350999999999
2017-02-09,0.00970892
2017-02-10,0.008241026
2017-02-13,-0.001361765
2017-02-14,0.009549974000000001
2017-02-15,-0.00473058
2017-02-16,-0.004751533
2017-02-17,0.003410595
2017-02-18,-0.00475799
2017-02-20,0.005463479
2017-02-21,-0.004754759
2017-02-22,-0.0027306459999999998
2017-02-23,0.000684145
2017-02-24,-0.00205103
2017-03-01,-0.008910704
2017-03-02,-0.003457767
2017-03-03,0.002776125
2017-03-06,0.005535318000000001
2017-03-07,-0.0006879119999999999
2017-03-08,-0.00895367
2017-03-09,0.002779986
2017-03-10,0.006237237
2017-03-13,0.002755095
2017-03-14,0.006868038000000001
2017-03-15,0.007503001
2017-03-16,0.001354995
2017-03-17,0.004732251
2017-03-20,-0.000672635
2017-03-21,0.0047131329999999996
2017-03-22,-0.003351163
2017-03-23,-0.004706796
2017-03-24,0.0074320259999999996
2017-03-27,-0.0013407579999999998
2017-03-28,-0.006044544000000001
2017-03-29,-0.000675362
2017-03-30,0.0
2017-03-31,0.011493481000000002
2017-04-05,-0.006684403
2017-04-06,-0.0026920579999999998
2017-04-07,0.0
2017-04-10,-0.0026993240000000003
2017-04-11,0.0
2017-04-12,0.0
2017-04-13,-0.004735459
2017-04-14,0.004078496
2017-04-17,-0.010155588
2017-04-18,-0.007523531
2017-04-19,0.009648697
2017-04-20,0.008872673000000001
2017-04-21,-0.0006762760000000001
2017-04-24,0.011510583000000001
2017-04-25,-0.004686249
2017-04-26,0.002018065
2017-04-27,0.006711318000000001
2017-04-28,0.003999645
2017-05-02,0.003320009
2017-05-03,-0.0013230120000000001
2017-05-04,0.001324765
2017-05-05,0.001986011
2017-05-08,0.005944734
2017-05-09,-0.0006562930000000001
2017-05-10,0.001970173
2017-05-11,0.0006554330000000001
2017-05-12,0.0026214940000000003
2017-05-15,-0.0026146389999999998
2017-05-16,-0.008518006
2017-05-17,0.0
2017-05-18,0.003965277
2017-05-19,0.001316044
2017-05-22,0.003945908
2017-05-23,0.004583495999999999
2017-05-24,0.003910996
2017-05-25,-0.0006490490000000001
2017-05-26,-0.005848168000000001
2017-05-31,0.010457083
2017-06-01,-0.00064653
2017-06-02,0.001295358
2017-06-03,0.007756257
2017-06-05,-0.000641139
2017-06-06,0.00064155
2017-06-07,0.001283725
2017-06-08,-0.011531485
2017-06-09,0.0
2017-06-12,0.0032403959999999996
2017-06-13,-0.007752706
2017-06-14,0.001302948
2017-06-15,0.010402684
2017-06-16,0.011583438
2017-06-19,0.007632908000000001
2017-06-20,0.005051009
2017-06-21,0.001884963
2017-06-22,0.000626667
2017-06-23,0.020049281999999998
2017-06-26,-0.0061424259999999994
2017-06-27,0.001236914
2017-06-28,-0.011111513
2017-06-29,0.0037449859999999996
2017-06-30,0.000621602
2017-07-03,-0.004349911
2017-07-04,0.00811531
2017-07-05,-0.006191864
2017-07-06,-0.0031152209999999996
2017-07-07,0.008748748
2017-07-10,0.00991425
2017-07-11,0.005521673
2017-07-12,0.000609844
2017-07-13,0.006097477
2017-07-14,-0.00363604
2017-07-17,0.001823969
2017-07-18,0.006071566
2017-07-19,-0.0030174620000000003
2017-07-20,-0.007868327
2017-07-21,0.004270286
2017-07-24,0.003037626
2017-07-25,-0.0042392509999999994
2017-07-26,0.0024319579999999997
2017-07-27,-0.003027096
2017-07-28,0.008595261
2017-07-31,-0.001825854
2017-08-01,-0.001830557
2017-08-02,0.003666463
2017-08-03,0.003651707
2017-08-04,0.007276841
2017-08-07,-0.006020226
2017-08-08,-0.002422676
2017-08-09,-0.018215552
2017-08-10,0.007420853000000001
2017-08-11,-0.001841547
2017-08-14,-0.001844945
2017-08-15,0.001232237
2017-08-16,-0.0030768
2017-08-17,0.000617259
2017-08-18,0.004935028
2017-08-21,0.006753713000000001
2017-08-22,-0.001830557
2017-08-23,0.009774956
2017-08-24,0.000604936
2017-08-25,-0.005441134
2017-08-28,0.004863023
2017-08-29,0.006049361
2017-08-30,-0.002405195
2017-08-31,-0.0006027480000000001
2017-09-01,0.0
2017-09-04,-0.0024124479999999998
2017-09-05,0.0012091410000000002
2017-09-06,-0.004830722
2017-09-07,0.010315114
2017-09-08,-0.003603458
2017-09-11,-0.0006027480000000001
2017-09-12,-0.007237343
2017-09-13,0.000607509
2017-09-14,0.006071398
2017-09-15,0.004224331
2017-09-18,-0.008413122
2017-09-19,-0.005454324
2017-09-20,0.0067029559999999995
2017-09-21,-0.012712702
2017-09-22,-0.009196446
2017-09-25,-0.002475148
2017-09-26,0.001860967
2017-09-27,-0.0037150209999999998
2017-09-28,0.006836269
2017-09-29,0.0030862959999999997
2017-09-30,0.00369216
2017-10-02,-0.0006130959999999999
2017-10-03,0.0073630430000000005
2017-10-05,0.00426292
2017-10-06,0.013340876000000002
2017-10-11,0.00478736
2017-10-12,0.001191138
2017-10-13,0.005948602
2017-10-16,0.002958036
2017-10-17,-0.0011805160000000002
2017-10-18,-0.0035417720000000003
2017-10-19,0.003554361
2017-10-20,-0.0023611820000000003
2017-10-23,-0.00236677
2017-10-24,-0.0017792889999999999
2017-10-25,0.00178246
2017-10-26,0.009490866
2017-10-27,-0.00117504
2017-10-30,0.004117479
2017-10-31,-0.004686394
2017-11-01,0.0
2017-11-02,0.002942787
2017-11-03,-0.002347322
2017-11-06,0.002352845
2017-11-07,-0.0029341529999999997
2017-11-08,-0.007652564000000001
2017-11-09,-0.000593096
2017-11-10,0.000593448
2017-11-13,-0.005930962
2017-11-14,-0.005966348000000001
2017-11-15,0.012004318
2017-11-16,0.001186192
2017-11-17,-0.005923935
2017-11-20,0.014899426
2017-11-21,0.0
2017-11-22,0.00117435
2017-11-23,-0.0011729730000000001
2017-11-24,-0.014093517
2017-11-27,-0.0035734129999999997
2017-11-28,-0.00777016
2017-11-29,-0.01024055
2017-11-30,0.006086179000000001
2017-12-01,-0.001209872
2017-12-04,-0.00545102
2017-12-05,-0.010963156000000002
2017-12-06,0.0036944340000000003
2017-12-07,-0.003680835
2017-12-08,0.002462956
2017-12-11,-0.003685357
2017-12-12,0.005548483000000001
2017-12-13,0.001226193
2017-12-14,-0.00551111
2017-12-15,0.0
2017-12-18,-0.004925912
2017-12-19,0.0037127220000000003
2017-12-20,-0.003698989
2017-12-21,0.00618787
2017-12-22,0.001844945
2017-12-25,-0.010435435
2017-12-26,0.008064192
2017-12-27,0.0061536
2017-12-28,0.00489414
2017-12-29,0.009737886
2018-01-02,0.006630232
2018-01-03,0.0
2018-01-04,0.00359267
2018-01-05,0.003579809
2018-01-08,0.0
2018-01-09,-0.005350559
2018-01-10,-0.001195409
2018-01-11,0.0119684
2018-01-12,0.001182685
2018-01-15,0.0
2018-01-16,0.01004227
2018-01-17,0.009941117
2018-01-18,0.009264249
2018-01-19,0.010327895
2018-01-22,-0.000567836
2018-01-23,-0.008523652
2018-01-24,0.0022921729999999998
2018-01-25,0.002917499
2018-01-26,-0.0035096890000000003
2018-01-29,-0.009390002
2018-01-30,0.004147148
2018-01-31,0.001179822
2018-02-01,-0.019446047
2018-02-02,-0.028244308
2018-02-05,0.0061836619999999995
2018-02-06,-0.008603923000000001
2018-02-07,-0.02541926
2018-02-08,0.012085984
2018-02-09,0.023256897999999998
2018-02-12,0.001228376
2018-02-21,-0.001226869
2018-02-22,0.014126996000000001
2018-02-23,0.006662616
2018-02-26,-0.01865231
2018-02-27,-0.008582824000000001
2018-03-01,0.003091157
2018-03-02,0.006781739
2018-03-05,0.001225952
2018-03-06,0.004892467
2018-03-07,0.009129378
2018-03-08,0.008444368
2018-03-09,0.008971030999999999
2018-03-12,0.0
2018-03-13,-0.004149603
2018-03-14,0.0
2018-03-15,-0.004166894
2018-03-16,-0.005379666
2018-03-19,0.007212121
2018-03-20,0.0023863929999999997
2018-03-21,-0.025594594
2018-03-22,0.0
2018-03-23,0.014049326000000001
2018-03-26,-0.001204697
2018-03-27,-0.007840636
2018-03-28,0.0048627290000000005
2018-03-29,0.0024209179999999998
2018-03-30,0.0
2018-03-31,-0.01629482
2018-04-02,0.007975318
2018-04-03,-0.000609245
2018-04-09,0.009744559
2018-04-10,0.001809883
2018-04-11,-0.0042145559999999995
2018-04-12,-0.0006051930000000001
2018-04-13,-0.003023838
2018-04-16,-0.009709072
2018-04-17,0.003676097
2018-04-18,-0.01098923
2018-04-19,-0.009258998000000001
2018-04-20,-0.004361609000000001
2018-04-23,-0.00813503
2018-04-24,0.005678346999999999
2018-04-25,-0.0012545780000000001
2018-04-26,0.0006287619999999999
2018-04-27,0.005021459
2018-04-30,-0.012492287
2018-05-02,-0.006324469
2018-05-03,0.012093668
2018-05-04,-0.001257734
2018-05-07,0.007555907
2018-05-08,0.00875048
2018-05-09,0.004956127
2018-05-10,0.011097636000000001
2018-05-11,0.004268526
2018-05-14,-0.010929178999999999
2018-05-15,0.006139454
2018-05-16,-0.009151656
2018-05-17,0.0
2018-05-18,0.007388408000000001
2018-05-21,0.00122237
2018-05-22,-0.006715493
2018-05-23,0.002458264
2018-05-24,0.006131925999999999
2018-05-25,0.001827303
2018-05-28,-0.009731379
2018-05-29,-0.007371597
2018-05-30,0.0
2018-05-31,0.012376334
2018-06-01,0.011002663000000001
2018-06-04,-0.0006051930000000001
2018-06-05,0.010285273000000001
2018-06-06,-0.002396271
2018-06-07,-0.006001795999999999
2018-06-08,-0.006642497
2018-06-11,0.002431364
2018-06-12,0.000607028
2018-06-13,-0.010909302
2018-06-14,-0.006128165
2018-06-15,-0.005547474
2018-06-19,0.010538968000000001
2018-06-20,-0.008589422
2018-06-21,0.000619424
2018-06-22,-0.0018557729999999998
2018-06-25,0.000620191
2018-06-26,-0.008669197
2018-06-27,0.0031234120000000003
2018-06-28,0.014943796
2018-06-29,-0.002453738
2018-07-02,-0.001845501
2018-07-03,0.003696483
2018-07-04,-0.00429735
2018-07-05,0.008016005
2018-07-06,0.011008051000000001
2018-07-09,-0.011493752
2018-07-10,-0.001223866
2018-07-11,0.017156457
2018-07-12,0.003614092
2018-07-13,-0.005400962
2018-07-16,0.003620632
2018-07-17,-0.000601917
2018-07-18,0.010830543
2018-07-19,0.011941201
2018-07-20,0.0017792160000000001
2018-07-23,-0.004736575
2018-07-24,0.008328133
2018-07-25,0.004130312
2018-07-26,0.006462885
2018-07-27,-0.003503607
2018-07-30,0.005273254000000001
2018-07-31,0.003496221
2018-08-01,-0.008129846
2018-08-02,0.001756299
2018-08-03,0.00175322
2018-08-06,0.001167188
2018-08-07,0.003496221
2018-08-08,-0.004645806
2018-08-09,-0.007584829
2018-08-10,-0.0076427990000000005
2018-08-13,0.001185167
2018-08-14,-0.014792566000000002
2018-08-15,0.008408164000000001
2018-08-16,-0.000595115
2018-08-17,0.0
2018-08-20,0.00953525
2018-08-21,0.001179691
2018-08-22,0.002359152
2018-08-23,0.0
2018-08-24,0.011176418
2018-08-27,0.005817706
2018-08-28,0.015615951000000001
2018-08-29,-0.009111701
2018-08-30,-0.000575495
2018-08-31,-0.0017249910000000002
2018-09-03,0.002304793
2018-09-04,-0.001149747
2018-09-05,-0.008055002
2018-09-06,0.004640415
2018-09-07,-0.0075060000000000005
2018-09-10,-0.001163793
2018-09-11,-0.000581945
2018-09-12,-0.000583544
2018-09-13,0.008746918000000001
2018-09-14,-0.010405038
2018-09-17,0.002337104
2018-09-18,0.007575986999999999
2018-09-19,-0.002314123
2018-09-20,0.004637727
2018-09-21,0.002885355
2018-09-25,-0.003451966
2018-09-26,0.008659809000000001
2018-09-27,-0.005151276
2018-09-28,0.004028123
2018-10-01,-0.013753706999999999
2018-10-02,-0.004067912
2018-10-03,-0.014002471
2018-10-04,-0.018342577
2018-10-05,0.001204579
2018-10-08,-0.034918105
2018-10-09,-0.030567472999999998
2018-10-11,0.023165545
2018-10-12,-0.00628971
2018-10-15,0.01835479
2018-10-16,-0.011808526000000001
2018-10-17,-0.016352703
2018-10-18,0.001919388
2018-10-19,-0.003191012
2018-10-22,-0.0038423040000000004
2018-10-23,-0.029562942999999998
2018-10-24,0.009934415
2018-10-25,-0.005245953
2018-10-26,-0.0006586680000000001
2018-10-29,0.010554188
2018-10-30,0.016318158
2018-10-31,0.007064762
2018-11-01,-0.0038262229999999997
2018-11-02,0.004480611
2018-11-05,-0.0031869479999999998
2018-11-06,0.012149674
2018-11-07,-0.0082125
2018-11-08,-0.009554746
2018-11-09,-0.020578982
2018-11-12,0.014444965
2018-11-13,0.003236454
2018-11-14,0.005807382
2018-11-15,-0.011546316000000001
2018-11-16,-0.008436337
2018-11-19,-0.014397695
2018-11-20,0.010624273
2018-11-21,-0.005256291999999999
2018-11-22,0.002641319
2018-11-23,0.0006596589999999999
2018-11-26,0.002632624
2018-11-27,0.020355302
2018-11-28,-0.006435415
2018-11-29,0.008419946999999999
2018-11-30,0.008349643
2018-12-03,-0.01783525
2018-12-04,-0.01621235
2018-12-05,-0.003296189
2018-12-06,-0.014550053
2018-12-07,0.0
2018-12-10,0.015436937
2018-12-11,0.0072702109999999995
2018-12-12,-0.005249391999999999
2018-12-13,-0.005937621999999999
2018-12-14,0.001990551
2018-12-17,0.0
2018-12-18,-0.006621511
2018-12-19,-0.000667574
2018-12-20,-0.001333154
2018-12-21,0.0
2018-12-22,-0.009353206999999999
2018-12-24,-0.002022765
2018-12-25,0.010810921000000001
2018-12-26,0.004010374000000001
2018-12-27,0.009987329
2018-12-28,-0.027026757000000002
2019-01-02,-0.013550997
2019-01-03,0.010302862
2019-01-04,0.00815706
2019-01-07,-0.0026965340000000004
2019-01-08,0.011493816
2019-01-09,0.006684921
2019-01-10,0.001991872
2019-01-11,-0.005301576
2019-01-14,0.00799547
2019-01-15,-0.000661838
2019-01-16,0.001983968
2019-01-17,0.007921586
2019-01-18,0.004664042
2019-01-21,-0.005375471999999999
2019-01-22,-0.000676097
2019-01-23,0.008789535
2019-01-24,0.0073730390000000005
2019-01-25,-0.008649181
2019-01-28,0.0
2019-01-29,0.011409473
2019-01-30,0.0
2019-02-11,0.007962238
2019-02-12,-0.0059245059999999995
2019-02-13,-0.00264927
2019-02-14,0.002656307
2019-02-15,0.00264927
2019-02-18,0.002640884
2019-02-19,0.0065875840000000005
2019-02-20,0.007199331
2019-02-21,0.0051987
2019-02-22,0.003878182
2019-02-25,0.0006443169999999999
2019-02-26,-0.001930356
2019-02-27,-0.012251037
2019-03-04,0.003264376
2019-03-05,0.000649659
2019-03-06,-0.009101597
2019-03-07,-0.004593287
2019-03-08,0.013183841000000002
2019-03-11,0.002602731
2019-03-12,0.003243947
2019-03-13,0.000647234
2019-03-14,0.005170457
2019-03-15,0.004501721
2019-03-18,0.00320168
2019-03-19,0.005743026
2019-03-20,0.00888347
2019-03-21,-0.017610498
2019-03-22,0.005122151
2019-03-25,-0.00063734
2019-03-26,-0.001911903
2019-03-27,0.005109067
2019-03-28,0.016518065
2019-03-29,0.001249469
2019-04-01,0.003746348
2019-04-02,0.004974313
2019-04-03,0.001856297
2019-04-08,0.001852857
2019-04-09,0.0030832459999999996
2019-04-10,-0.002458757
2019-04-11,0.006161398
2019-04-12,0.002449724
2019-04-15,0.005497449000000001
2019-04-16,0.00729113
2019-04-17,0.004222057
2019-04-18,-0.0030036159999999998
2019-04-19,-0.003614187
2019-04-22,0.008464537
2019-04-23,-0.003596851
2019-04-24,-0.003611097
2019-04-25,-0.002414434
2019-04-26,0.002420278
2019-04-29,0.0018114589999999999
2019-04-30,0.001809448
2019-05-02,-0.006016812
2019-05-03,0.000604434
2019-05-06,-0.0030241540000000003
2019-05-07,-0.0030346
2019-05-08,-0.007303166
2019-05-09,-0.005518957
2019-05-10,-0.018495598000000002
2019-05-13,0.000628533
2019-05-14,-0.001883098
2019-05-15,0.0
2019-05-16,-0.01257855
2019-05-17,-0.006369393
2019-05-20,0.002564358
2019-05-21,-0.004475812
2019-05-22,-0.010275846
2019-05-23,0.005839921
2019-05-24,-0.003226466
2019-05-27,-0.009708013
2019-05-28,0.00326727
2019-05-29,0.007818371999999999
2019-05-30,0.010989085
2019-05-31,0.003196242
2019-06-03,0.005099299
2019-06-04,-0.014584442
2019-06-05,0.012226038
2019-06-06,0.006993371
2019-06-10,0.0025255029999999997
2019-06-11,0.0
2019-06-12,-0.005038282
2019-06-13,-0.006962387
2019-06-14,0.004461552
2019-06-17,0.015228616
2019-06-18,0.009375606
2019-06-19,0.004333170999999999
2019-06-20,-0.003698861
2019-06-21,0.004331792
2019-06-24,-0.006777926
2019-06-25,-0.000619434
2019-06-26,0.011172341
2019-06-27,0.00736722
2019-06-28,0.007312063000000001
2019-07-01,-0.0036294920000000002
2019-07-02,-0.006679157
2019-07-03,0.00366849
2019-07-04,-0.0036550809999999997
2019-07-05,-0.000610346
2019-07-08,0.002445443
2019-07-09,0.008542009
2019-07-10,0.002420085
2019-07-11,0.0
2019-07-12,0.004224607
2019-07-15,0.000601337
2019-07-16,-0.007807638
2019-07-17,0.013420731000000002
2019-07-18,0.0012041369999999999
2019-07-19,0.0060171980000000005
2019-07-22,0.001793865
2019-07-23,-0.002387951
2019-07-24,-0.001794939
2019-07-25,-0.00359758
2019-07-26,0.0060171980000000005
2019-07-29,-0.005382838
2019-07-30,-0.011425548
2019-07-31,-0.013990579
2019-08-01,-0.0043178059999999996
2019-08-02,-0.025403175
2019-08-05,0.019072956999999998
2019-08-06,-0.001248252
2019-08-07,0.007494972
2019-08-08,-0.006198701
2019-08-12,0.006861491
2019-08-13,-0.018587155
2019-08-14,0.0031567490000000004
2019-08-15,0.016362392
2019-08-16,0.001237689
2019-08-19,0.001237445
2019-08-20,0.004323137
2019-08-21,-0.0049198259999999995
2019-08-22,-0.013597056000000001
2019-08-23,0.004386742
2019-08-26,-0.000624126
2019-08-27,0.004369012
2019-08-28,0.008701305999999999
2019-08-29,0.008009812
2019-08-30,0.000611537
2019-09-02,-0.004886763
2019-09-03,0.013505231000000001
2019-09-04,0.008478687
2019-09-05,0.005405473
2019-09-06,0.002987033
2019-09-09,-0.002382262
2019-09-10,0.004179845
2019-09-11,-0.001189624
2019-09-12,0.004761687
2019-09-16,0.0
2019-09-17,0.006517215
2019-09-18,-0.003531938
2019-09-19,0.0
2019-09-20,-0.001771614
2019-09-23,-0.001775989
2019-09-24,0.001186099
2019-09-25,0.00532866
2019-09-26,-0.001178415
2019-09-27,0.009434761
2019-10-01,-0.014019259
2019-10-02,0.009478241
2019-10-03,0.002348532
2019-10-04,0.005269381
2019-10-07,0.0034936990000000003
2019-10-08,0.009866364
2019-10-09,0.0063224480000000005
2019-10-14,0.00513998
2019-10-15,0.000567269
2019-10-16,0.001136258
2019-10-17,-0.0022687560000000002
2019-10-18,0.00284269
2019-10-21,0.005669263000000001
2019-10-22,0.0
2019-10-23,0.005636131
2019-10-24,0.000560804
2019-10-25,0.0028012840000000002
2019-10-28,-0.000558924
2019-10-29,0.005030805
2019-10-30,0.001112875
2019-10-31,0.00611054
2019-11-01,0.020431203999999998
2019-11-04,0.005951825
2019-11-05,0.002689775
2019-11-06,-0.002145825
2019-11-07,-0.006451317
2019-11-08,-0.009198991
2019-11-11,0.0
2019-11-12,0.000545272
2019-11-13,0.004366614
2019-11-14,0.005435102
2019-11-15,0.0043241270000000005
2019-11-18,0.0075352019999999995
2019-11-19,-0.013888812
2019-11-20,0.0027087170000000002
2019-11-21,0.004862295
2019-11-22,-0.000537889
2019-11-25,-0.001075239
2019-11-26,0.004307825
2019-11-27,-0.004289347
2019-11-28,-0.009693166
2019-11-29,-0.002719026
2019-12-02,0.00163541
2019-12-03,0.005443976
2019-12-04,0.010287324
2019-12-05,-0.001072319
2019-12-06,0.002145825
2019-12-09,-0.00428246
2019-12-10,0.014516302
2019-12-11,0.025437134
2019-12-12,0.002067088
2019-12-13,-0.002062824
2019-12-16,0.012919571999999999
2019-12-17,0.001530277
2019-12-18,-0.006112815
2019-12-19,-0.005637611
2019-12-20,0.003092105
2019-12-23,-0.001027168
2019-12-24,0.00360039
2019-12-25,0.000512801
2019-12-26,0.004098173
2019-12-27,-0.009183785
2019-12-30,-0.000515177
2019-12-31,0.012880715
2020-01-02,-0.012716912
2020-01-03,-0.0061821
2020-01-06,-0.012959762
2020-01-07,0.011554638
2020-01-08,0.012460487
2020-01-09,0.0035903809999999997
2020-01-10,0.0066427809999999995
2020-01-13,0.0020303639999999998
2020-01-14,-0.015704224
2020-01-15,0.005660821999999999
2020-01-16,-0.001534977
2020-01-17,-0.026140049
2020-01-20,-0.014785427
2020-01-30,-0.023717693999999998
2020-01-31,0.010735065
2020-02-03,0.017327892
2020-02-04,0.007142730999999999
2020-02-05,0.0
2020-02-06,-0.018003295
2020-02-07,0.015000425
2020-02-10,0.007115361999999999
2020-02-11,0.010869708
2020-02-12,-0.002150999
2020-02-13,-0.005388004
2020-02-14,-0.009750726
2020-02-17,-0.002735267
2020-02-18,0.013165732
2020-02-19,-0.007580393
2020-02-20,-0.01527549
2020-02-21,-0.008310361
2020-02-24,-0.003909767
2020-02-25,0.00224276
2020-02-26,-0.020704466
2020-02-27,0.015427846
2020-03-02,-0.0005623
2020-03-03,0.011261407
2020-03-04,-0.001670176
2020-03-05,-0.03179092
2020-03-06,-0.020737137
2020-03-09,0.017058335
2020-03-10,-0.022555997
2020-03-11,-0.076922894
2020-03-12,0.025641357000000004
2020-03-13,-0.071250142
2020-03-16,0.008748158
2020-03-17,-0.052701675
2020-03-18,0.0
2020-03-19,0.0
2020-03-20,0.040140222999999996
2020-03-23,0.039945552
2020-03-24,0.007812869
2020-03-25,0.011627801
2020-03-26,-0.045976597
2020-03-27,0.028111735
2020-03-30,-0.0039057790000000003
2020-03-31,0.005882956999999999
2020-04-01,0.020142679
2020-04-06,0.0
2020-04-07,0.017196646
2020-04-08,-0.010644095
2020-04-09,0.0
2020-04-10,0.000632409
2020-04-13,0.027830091
2020-04-14,-0.012922757
2020-04-15,0.034912681
2020-04-16,0.003012088
2020-04-17,-0.007207545
2020-04-20,-0.032061891
2020-04-21,0.014374929
2020-04-22,-0.004313303
2020-04-23,0.016708386999999998
2020-04-24,0.009128529
2020-04-27,0.001810406
2020-04-28,0.016857285
2020-04-29,-0.024275741
2020-04-30,0.013349942
2020-05-04,-0.002394518
2020-05-05,0.002400265
2020-05-06,0.013174068999999998
2020-05-07,0.004727955
2020-05-08,-0.004705707
2020-05-11,-0.010638197
2020-05-12,0.001194999
2020-05-13,0.002982129
2020-05-14,-0.011896644
2020-05-15,0.016254503
2020-05-18,-0.0047391609999999995
2020-05-19,0.001785498
2020-05-20,-0.004158338
2020-05-21,-0.007757622
2020-05-22,0.013229526
2020-05-25,0.005341795
2020-05-26,0.002360591
2020-05-27,-0.017668079
2020-05-28,0.012590823000000001
2020-05-29,0.006512335
2020-06-01,0.013529351
2020-06-02,0.015670781
2020-06-03,0.002285053
2020-06-04,0.013683652
2020-06-05,0.007873436
2020-06-08,0.000558718
2020-06-09,0.008923255
2020-06-10,-0.035378451
2020-06-11,0.00974132
2020-06-12,0.000568231
2020-06-15,0.01191121
2020-06-16,-0.001681411
2020-06-17,-0.000562168
2020-06-18,-0.00168519
2020-06-19,0.008441305999999999
2020-06-22,0.002232622
2020-06-23,-0.006125473
2020-06-24,0.0033620670000000003
2020-06-29,0.004466611
2020-06-30,0.00778153
2020-07-01,0.015996249
2020-07-02,0.011942818999999999
2020-07-03,0.019314216000000002
2020-07-06,-0.005263225
2020-07-07,0.012697936000000002
2020-07-08,-0.0015672079999999998
2020-07-09,-0.001569668
2020-07-10,0.004192715
2020-07-13,0.015657824
2020-07-14,-0.003083908
2020-07-15,0.000516094
2020-07-16,0.0015454070000000002
2020-07-17,0.006747227
2020-07-20,0.014410705
2020-07-21,0.00304414
2020-07-22,0.001517451
2020-07-23,0.028282828
2020-07-24,0.053536346
2020-07-27,-0.041491841
2020-07-28,0.013618677
2020-07-29,-0.002879079
2020-07-30,-0.004331088
2020-07-31,-0.008699855
2020-08-03,0.015114578
2020-08-04,0.012968299999999999
2020-08-05,0.000948317
2020-08-06,-0.013737565
2020-08-07,0.012487992
2020-08-10,-0.013282732
2020-08-11,0.006730769
2020-08-12,-0.008595989
2020-08-13,0.006743738000000001
2020-08-14,0.011483253999999998
2020-08-17,-0.006622517
2020-08-18,-0.011428571
2020-08-19,-0.015895954
2020-08-20,0.006852668
2020-08-21,0.005833738000000001
2020-08-24,0.005316578000000001
2020-08-25,0.010576923
2020-08-26,-0.011893435
2020-08-27,0.002407318
2020-08-28,-0.015850144
2020-08-31,0.011713031
2020-09-01,0.000482393
2020-09-02,-0.016393443
2020-09-03,0.005392157
2020-09-04,0.0019502679999999998
2020-09-07,-0.00973236
2020-09-08,0.01031941
2020-09-09,0.003891051
2020-09-10,0.0029069770000000003
2020-09-11,0.009178744
2020-09-14,0.020105314
2020-09-15,-0.004692633
2020-09-16,-0.006129184
2020-09-17,-0.0018975329999999999
2020-09-18,-0.008555133000000001
2020-09-21,-0.007670181999999999
2020-09-22,-0.01884058
2020-09-23,-0.007877893
2020-09-24,0.005955335
2020-09-25,0.013813518
